Date,Open,High,Low,Close,Volume,AdjustedClose
20190827,1205.000,1215.000,1170.000,1170.000,3987400,585.000
20190828,1170.000,1200.000,1170.000,1195.000,2996400,597.500
20190829,1195.000,1200.000,1175.000,1175.000,1995000,587.500
20190830,1180.000,1280.000,1175.000,1280.000,16620200,640.000
20190902,1280.000,1290.000,1235.000,1265.000,5776800,632.500
20190903,1265.000,1300.000,1240.000,1255.000,3620800,627.500
20190904,1255.000,1270.000,1250.000,1250.000,1450000,625.000
20190905,1255.000,1275.000,1215.000,1230.000,4313600,615.000
20190906,1235.000,1260.000,1210.000,1220.000,3366400,610.000
20190909,1230.000,1235.000,1215.000,1230.000,3133000,615.000
20190910,1230.000,1270.000,1185.000,1205.000,5860500,602.500
20190911,1205.000,1220.000,1190.000,1210.000,4823200,605.000
20190912,1215.000,1220.000,1190.000,1190.000,2427600,595.000
20190913,1205.000,1210.000,1120.000,1200.000,7332700,600.000
20190916,1200.000,1200.000,1155.000,1155.000,4543900,577.500
20190917,1155.000,1180.000,1130.000,1155.000,3713500,577.500
20190918,1160.000,1200.000,1160.000,1185.000,2303000,592.500
20190919,1190.000,1195.000,1165.000,1165.000,848500,582.500
20190920,1170.000,1190.000,1140.000,1165.000,2179600,582.500
20190923,1165.000,1165.000,1135.000,1135.000,3887700,567.500
20190924,1145.000,1145.000,1100.000,1100.000,4162000,550.000
20190925,1100.000,1180.000,1095.000,1180.000,5408100,590.000
20190926,1180.000,1200.000,1180.000,1195.000,2535100,597.500
20190927,1195.000,1200.000,1170.000,1190.000,2703000,595.000
20190930,1200.000,1245.000,1155.000,1230.000,12655900,615.000
20191001,1230.000,1240.000,1210.000,1220.000,3711400,610.000
20191002,1220.000,1225.000,1200.000,1205.000,3526800,602.500
20191003,1200.000,1215.000,1160.000,1200.000,2081100,600.000
20191004,1200.000,1205.000,1180.000,1200.000,3558900,600.000
20191007,1200.000,1205.000,1175.000,1200.000,1473300,600.000
20191008,1200.000,1200.000,1170.000,1170.000,1032200,585.000
20191009,1180.000,1180.000,1160.000,1165.000,363800,582.500
20191010,1165.000,1185.000,1160.000,1160.000,720100,580.000
20191011,1170.000,1200.000,1160.000,1200.000,1451000,600.000
20191014,1200.000,1210.000,1185.000,1185.000,1291300,592.500
20191015,1185.000,1200.000,1180.000,1185.000,1241100,592.500
20191016,1185.000,1195.000,1170.000,1195.000,1460300,597.500
20191017,1195.000,1200.000,1140.000,1145.000,6008900,572.500
20191018,1145.000,1165.000,1135.000,1140.000,4370600,570.000
20191021,1150.000,1150.000,1100.000,1110.000,6327200,555.000
20191022,1110.000,1150.000,1105.000,1120.000,8826800,560.000
20191023,1120.000,1155.000,1115.000,1155.000,6485200,577.500
20191024,1155.000,1190.000,1150.000,1185.000,10968800,592.500
20191025,1190.000,1245.000,1185.000,1225.000,14208700,612.500
20191028,1225.000,1280.000,1225.000,1235.000,14601700,617.500
20191029,1235.000,1250.000,1225.000,1230.000,5517200,615.000
20191030,1230.000,1235.000,1220.000,1235.000,3611600,617.500
20191031,1235.000,1240.000,1225.000,1230.000,7277000,615.000
20191101,1225.000,1250.000,1200.000,1250.000,4769100,625.000
20191104,1250.000,1260.000,1225.000,1235.000,5271300,617.500
20191105,1235.000,1240.000,1200.000,1215.000,3686100,607.500
20191106,1220.000,1225.000,1205.000,1210.000,1903900,605.000
20191107,1210.000,1235.000,1195.000,1235.000,3855300,617.500
20191108,1235.000,1245.000,1200.000,1200.000,4036700,600.000
20191111,1200.000,1215.000,1175.000,1180.000,6106500,590.000
20191112,1180.000,1205.000,1160.000,1195.000,3661700,597.500
20191113,1200.000,1225.000,1190.000,1205.000,3301800,602.500
20191114,1210.000,1220.000,1185.000,1195.000,3477400,597.500
20191115,1195.000,1215.000,1195.000,1215.000,2678800,607.500
20191118,1215.000,1225.000,1200.000,1215.000,1497200,607.500
20191119,1220.000,1225.000,1205.000,1215.000,1318800,607.500
20191120,1215.000,1220.000,1205.000,1215.000,1560900,607.500
20191121,1215.000,1250.000,1210.000,1250.000,5743400,625.000
20191122,1250.000,1295.000,1250.000,1275.000,9553500,637.500
20191125,1280.000,1290.000,1225.000,1230.000,3610200,615.000
20191126,1230.000,1255.000,1205.000,1255.000,3010700,627.500
20191127,1255.000,1270.000,1235.000,1250.000,1420600,625.000
20191128,1250.000,1260.000,1240.000,1245.000,2856300,622.500
20191129,1250.000,1275.000,1250.000,1270.000,2510700,635.000
20191202,1275.000,1355.000,1270.000,1295.000,10942000,647.500
20191203,1295.000,1305.000,1260.000,1270.000,4121800,635.000
20191204,1275.000,1305.000,1265.000,1290.000,4200700,645.000
20191205,1290.000,1325.000,1265.000,1265.000,3546600,632.500
20191206,1265.000,1280.000,1210.000,1265.000,8440600,632.500
20191209,1265.000,1265.000,1240.000,1260.000,1405700,630.000
20191210,1270.000,1270.000,1240.000,1240.000,3203000,620.000
20191211,1240.000,1265.000,1235.000,1260.000,628800,630.000
20191212,1260.000,1260.000,1245.000,1255.000,937300,627.500
20191213,1260.000,1295.000,1250.000,1275.000,3876800,637.500
20191216,1275.000,1295.000,1270.000,1275.000,2014000,637.500
20191217,1280.000,1295.000,1275.000,1295.000,4033600,647.500
20191218,1295.000,1300.000,1270.000,1285.000,2858100,642.500
20191219,1285.000,1295.000,1285.000,1290.000,1521500,645.000
20191220,1290.000,1295.000,1260.000,1270.000,2371300,635.000
20191223,1275.000,1315.000,1265.000,1305.000,7641100,652.500
20191226,1310.000,1315.000,1280.000,1280.000,3368000,640.000
20191227,1280.000,1295.000,1270.000,1280.000,2356300,640.000
20191230,1280.000,1295.000,1275.000,1275.000,884000,637.500
20200102,1275.000,1295.000,1265.000,1280.000,1539400,640.000
20200103,1280.000,1295.000,1260.000,1280.000,1844100,640.000
20200106,1280.000,1315.000,1265.000,1290.000,7379600,645.000
20200107,1290.000,1315.000,1280.000,1295.000,6340300,647.500
20200108,1300.000,1310.000,1285.000,1300.000,3600600,650.000
20200109,1305.000,1310.000,1285.000,1285.000,1954800,642.500
20200110,1300.000,1300.000,1280.000,1280.000,1599000,640.000
20200113,1280.000,1295.000,1265.000,1270.000,4717700,635.000
20200114,1280.000,1285.000,1260.000,1260.000,4134700,630.000
20200115,1265.000,1270.000,1260.000,1270.000,3500800,635.000
20200116,1270.000,1280.000,1260.000,1265.000,1430500,632.500
20200117,1265.000,1270.000,1250.000,1260.000,5119600,630.000
20200120,1265.000,1285.000,1260.000,1280.000,6786100,640.000
20200121,1285.000,1285.000,1240.000,1250.000,3688700,625.000
20200122,1250.000,1255.000,1235.000,1245.000,3459400,622.500
20200123,1245.000,1245.000,1225.000,1225.000,1682200,612.500
20200124,1225.000,1240.000,1225.000,1230.000,834100,615.000
20200127,1230.000,1230.000,1185.000,1195.000,5739600,597.500
20200128,1195.000,1210.000,1185.000,1200.000,2740100,600.000
20200129,1200.000,1205.000,1195.000,1200.000,2075100,600.000
20200130,1200.000,1200.000,1185.000,1195.000,1632400,597.500
20200131,1195.000,1210.000,1165.000,1195.000,3795700,597.500
20200203,1150.000,1205.000,1140.000,1200.000,2124300,600.000
20200204,1200.000,1210.000,1190.000,1200.000,815400,600.000
20200205,1245.000,1245.000,1175.000,1200.000,3825100,600.000
20200206,1200.000,1210.000,1195.000,1200.000,3905700,600.000
20200207,1200.000,1220.000,1195.000,1210.000,3285500,605.000
20200210,1215.000,1230.000,1190.000,1195.000,2125600,597.500
20200211,1200.000,1230.000,1200.000,1230.000,3044800,615.000
20200212,1225.000,1245.000,1210.000,1240.000,1789800,620.000
20200213,1250.000,1260.000,1220.000,1240.000,4808500,620.000
20200214,1240.000,1250.000,1220.000,1245.000,4431900,622.500
20200217,1245.000,1250.000,1230.000,1230.000,735400,615.000
20200218,1230.000,1265.000,1230.000,1260.000,3547800,630.000
20200219,1265.000,1285.000,1260.000,1280.000,6640300,640.000
20200220,1285.000,1310.000,1280.000,1300.000,5392200,650.000
20200221,1300.000,1315.000,1260.000,1275.000,6757000,637.500
20200224,1275.000,1275.000,1240.000,1265.000,5246200,632.500
20200225,1260.000,1275.000,1230.000,1275.000,3127800,637.500
20200226,1280.000,1280.000,1230.000,1230.000,7082100,615.000
20200227,1230.000,1255.000,1205.000,1230.000,8296900,615.000
20200228,1230.000,1230.000,1150.000,1230.000,8259100,615.000
20200302,1230.000,1245.000,1170.000,1190.000,4983700,595.000
20200303,1215.000,1225.000,1200.000,1220.000,6160600,610.000
20200304,1220.000,1270.000,1220.000,1260.000,5606500,630.000
20200305,1270.000,1275.000,1245.000,1260.000,4319300,630.000
20200306,1255.000,1260.000,1230.000,1240.000,676700,620.000
20200309,1240.000,1240.000,1170.000,1205.000,4563500,602.500
20200310,1205.000,1265.000,1190.000,1260.000,8496600,630.000
20200311,1260.000,1285.000,1235.000,1265.000,6007800,632.500
20200312,1265.000,1265.000,1210.000,1220.000,4214700,610.000
20200313,1200.000,1250.000,1135.000,1240.000,5091700,620.000
20200316,1240.000,1240.000,1155.000,1155.000,6059200,577.500
20200317,1155.000,1165.000,1120.000,1130.000,2416900,565.000
20200318,1130.000,1150.000,1055.000,1055.000,3987000,527.500
20200319,1055.000,1055.000,985.000,985.000,7407700,492.500
20200320,985.000,1000.000,920.000,970.000,7576100,485.000
20200323,970.000,970.000,905.000,950.000,4531200,475.000
20200324,945.000,1085.000,910.000,940.000,12817600,470.000
20200326,950.000,1010.000,950.000,995.000,14957700,497.500
20200327,995.000,1080.000,995.000,1030.000,6476800,515.000
20200330,1015.000,1055.000,970.000,1045.000,1807000,522.500
20200331,1070.000,1300.000,1050.000,1170.000,15887700,585.000
20200401,1160.000,1195.000,1105.000,1105.000,4132400,552.500
20200402,1090.000,1180.000,1090.000,1170.000,5643700,585.000
20200403,1170.000,1420.000,1170.000,1240.000,15557500,620.000
20200406,1260.000,1325.000,1245.000,1305.000,11249100,652.500
20200407,1320.000,1320.000,1230.000,1245.000,9892700,622.500
20200408,1255.000,1255.000,1185.000,1220.000,8914000,610.000
20200409,1220.000,1260.000,1215.000,1235.000,3181600,617.500
20200413,1240.000,1250.000,1220.000,1235.000,1138500,617.500
20200414,1235.000,1255.000,1215.000,1245.000,5431700,622.500
20200415,1245.000,1260.000,1220.000,1220.000,6169200,610.000
20200416,1220.000,1235.000,1135.000,1145.000,10326200,572.500
20200417,1180.000,1190.000,1140.000,1190.000,4556600,595.000
20200420,1200.000,1220.000,1170.000,1215.000,10426500,607.500
20200421,1215.000,1235.000,1200.000,1210.000,7213100,605.000
20200422,1205.000,1210.000,1160.000,1180.000,3554100,590.000
20200423,1190.000,1205.000,1180.000,1190.000,3376200,595.000
20200424,1190.000,1200.000,1135.000,1145.000,4621000,572.500
20200427,1145.000,1185.000,1145.000,1175.000,2032400,587.500
20200428,1190.000,1190.000,1170.000,1180.000,1935800,590.000
20200429,1185.000,1255.000,1185.000,1250.000,11190900,625.000
20200430,1240.000,1275.000,1240.000,1260.000,6345300,630.000
20200504,1260.000,1280.000,1220.000,1280.000,3162900,640.000
20200505,1280.000,1280.000,1245.000,1255.000,1578900,627.500
20200506,1255.000,1260.000,1220.000,1230.000,1248000,615.000
20200508,1230.000,1260.000,1230.000,1260.000,4536600,630.000
20200511,1260.000,1280.000,1245.000,1245.000,7146700,622.500
20200512,1255.000,1255.000,1220.000,1230.000,2340000,615.000
20200513,1225.000,1250.000,1200.000,1250.000,1224700,625.000
20200514,1250.000,1260.000,1225.000,1250.000,839700,625.000
20200515,1245.000,1245.000,1210.000,1230.000,2794900,615.000
20200518,1240.000,1240.000,1205.000,1210.000,2557700,605.000
20200519,1230.000,1255.000,1210.000,1235.000,5580900,617.500
20200520,1235.000,1250.000,1225.000,1235.000,3150200,617.500
20200526,1225.000,1260.000,1225.000,1245.000,2617700,622.500
20200527,1245.000,1250.000,1230.000,1245.000,2754100,622.500
20200528,1245.000,1255.000,1230.000,1245.000,4942800,622.500
20200529,1245.000,1250.000,1220.000,1220.000,3385400,610.000
20200602,1225.000,1250.000,1215.000,1240.000,3303200,620.000
20200603,1245.000,1260.000,1220.000,1225.000,5399500,612.500
20200604,1225.000,1245.000,1210.000,1215.000,4057600,607.500
20200605,1225.000,1240.000,1210.000,1220.000,3942600,610.000
20200608,1220.000,1255.000,1220.000,1255.000,8468800,627.500
20200609,1270.000,1320.000,1265.000,1310.000,17293200,655.000
20200610,1320.000,1340.000,1235.000,1270.000,14580200,635.000
20200611,1250.000,1260.000,1225.000,1230.000,4775000,615.000
20200612,1220.000,1225.000,1155.000,1210.000,7258700,605.000
20200615,1220.000,1245.000,1210.000,1240.000,9114800,620.000
20200616,1250.000,1255.000,1220.000,1240.000,7033600,620.000
20200617,1245.000,1255.000,1230.000,1230.000,2892100,615.000
20200618,1240.000,1250.000,1225.000,1230.000,4553300,615.000
20200619,1230.000,1245.000,1225.000,1230.000,2594200,615.000
20200622,1230.000,1245.000,1210.000,1220.000,3552000,610.000
20200623,1220.000,1220.000,1190.000,1195.000,5729900,597.500
20200624,1200.000,1220.000,1195.000,1215.000,3047900,607.500
20200625,1220.000,1220.000,1200.000,1205.000,2481500,602.500
20200626,1205.000,1215.000,1205.000,1210.000,3913200,605.000
20200629,1210.000,1250.000,1210.000,1220.000,7059400,610.000
20200630,1220.000,1240.000,1205.000,1215.000,7992100,607.500
20200701,1215.000,1260.000,1205.000,1255.000,10223400,627.500
20200702,1260.000,1265.000,1225.000,1230.000,9531800,615.000
20200703,1240.000,1240.000,1225.000,1225.000,2422800,612.500
20200706,1225.000,1240.000,1225.000,1230.000,4494800,615.000
20200707,1230.000,1245.000,1180.000,1230.000,2285000,615.000
20200708,1235.000,1245.000,1220.000,1225.000,11550200,612.500
20200709,1230.000,1235.000,1220.000,1230.000,16559300,615.000
20200710,1230.000,1235.000,1220.000,1225.000,4635500,612.500
20200713,1230.000,1230.000,1215.000,1220.000,4506400,610.000
20200714,1225.000,1230.000,1215.000,1215.000,2713600,607.500
20200715,1225.000,1225.000,1215.000,1220.000,2204100,610.000
20200716,1220.000,1230.000,1215.000,1220.000,1024000,610.000
20200717,1220.000,1230.000,1205.000,1210.000,5929100,605.000
20200720,1210.000,1220.000,1210.000,1210.000,1504500,605.000
20200721,1215.000,1275.000,1210.000,1240.000,19650700,620.000
20200722,1270.000,1270.000,1240.000,1245.000,8680900,622.500
20200723,1250.000,1290.000,1250.000,1270.000,12832700,635.000
20200724,1275.000,1280.000,1230.000,1235.000,6333000,617.500
20200727,1240.000,1260.000,1240.000,1255.000,4174600,627.500
20200728,1255.000,1255.000,1245.000,1250.000,1964000,625.000
20200729,1250.000,1275.000,1245.000,1270.000,4470000,635.000
20200730,1280.000,1315.000,1270.000,1300.000,16329500,650.000
20200803,1300.000,1325.000,1245.000,1285.000,12874200,642.500
20200804,1285.000,1315.000,1275.000,1300.000,8643300,650.000
20200805,1300.000,1395.000,1285.000,1375.000,15092500,687.500
20200806,1390.000,1450.000,1370.000,1400.000,11934600,700.000
20200807,1405.000,1415.000,1365.000,1405.000,7144000,702.500
20200810,1410.000,1415.000,1390.000,1395.000,5575900,697.500
20200811,1405.000,1410.000,1375.000,1380.000,6695800,690.000
20200812,1380.000,1395.000,1340.000,1370.000,11475700,685.000
20200813,1380.000,1380.000,1360.000,1365.000,2904100,682.500
20200814,1370.000,1375.000,1350.000,1350.000,3741500,675.000
20200818,1350.000,1385.000,1350.000,1375.000,7363700,687.500
20200819,1375.000,1380.000,1360.000,1370.000,7633400,685.000
20200824,1375.000,1375.000,1355.000,1360.000,4748800,680.000
20200825,1365.000,1370.000,1355.000,1360.000,10279500,680.000
20200826,1365.000,1415.000,1355.000,1390.000,13520300,695.000
20200827,1390.000,1470.000,1390.000,1405.000,36136800,702.500
20200828,1410.000,1465.000,1405.000,1420.000,28382900,710.000
20200831,1425.000,1440.000,1380.000,1385.000,20437800,692.500
20200901,1390.000,1400.000,1385.000,1400.000,6246800,700.000
20200902,1400.000,1415.000,1390.000,1400.000,4995200,700.000
20200903,1400.000,1405.000,1390.000,1395.000,2775700,697.500
20200904,1395.000,1400.000,1350.000,1400.000,10164300,700.000
20200907,1400.000,1410.000,1385.000,1400.000,7252600,700.000
20200908,1395.000,1470.000,1395.000,1460.000,28559300,730.000
20200909,1455.000,1535.000,1420.000,1480.000,37290100,740.000
20200910,1480.000,1480.000,1380.000,1385.000,26514000,692.500
20200911,1385.000,1495.000,1320.000,1495.000,34101900,747.500
20200914,750.000,830.000,745.000,810.000,144926100,810.000
20200915,815.000,825.000,790.000,790.000,43493100,790.000
20200916,790.000,795.000,755.000,765.000,33637600,765.000
20200917,765.000,785.000,755.000,755.000,24400000,755.000
20200918,755.000,780.000,755.000,770.000,18533500,770.000
20200921,770.000,780.000,730.000,770.000,27164900,770.000
20200922,770.000,770.000,735.000,750.000,32134800,750.000
20200923,750.000,750.000,720.000,740.000,27263900,740.000
20200924,740.000,740.000,720.000,730.000,19838500,730.000
20200925,730.000,760.000,725.000,755.000,19536500,755.000
20200928,765.000,765.000,735.000,740.000,12440300,740.000
20200929,745.000,750.000,725.000,730.000,10425200,730.000
20200930,735.000,745.000,720.000,745.000,9172900,745.000
20201001,745.000,755.000,740.000,745.000,10785800,745.000
20201002,745.000,755.000,720.000,740.000,12414000,740.000
20201005,740.000,745.000,720.000,735.000,4848600,735.000
20201006,745.000,755.000,735.000,745.000,14741300,745.000
20201007,745.000,755.000,740.000,745.000,7314600,745.000
20201008,750.000,790.000,745.000,785.000,33717500,785.000
20201009,785.000,790.000,770.000,785.000,13429900,785.000
20201012,800.000,835.000,785.000,795.000,19369600,795.000
20201013,795.000,800.000,780.000,790.000,8421600,790.000
20201014,785.000,790.000,775.000,775.000,18351300,775.000
20201015,785.000,785.000,760.000,760.000,19916000,760.000
20201016,760.000,775.000,760.000,765.000,13640900,765.000
20201019,770.000,785.000,765.000,785.000,13553900,785.000
20201020,790.000,810.000,780.000,790.000,29867100,790.000
20201021,795.000,800.000,780.000,785.000,15395000,785.000
20201022,795.000,810.000,790.000,795.000,71887600,795.000
20201023,810.000,810.000,785.000,790.000,15195800,790.000
20201026,790.000,860.000,790.000,825.000,61716200,825.000
20201027,830.000,835.000,800.000,800.000,38474800,800.000
20201102,805.000,810.000,795.000,800.000,21273200,800.000
20201103,800.000,810.000,790.000,810.000,12821500,810.000
20201104,815.000,825.000,810.000,815.000,18593000,815.000
20201105,815.000,825.000,815.000,815.000,7496100,815.000
20201106,815.000,845.000,810.000,830.000,28087500,830.000
20201109,840.000,845.000,830.000,840.000,21029100,840.000
20201110,840.000,855.000,840.000,845.000,23042600,845.000
20201111,845.000,850.000,825.000,830.000,22212500,830.000
20201112,830.000,840.000,810.000,815.000,16233400,815.000
20201113,820.000,830.000,815.000,820.000,8189900,820.000
20201116,820.000,825.000,810.000,820.000,21664300,820.000
20201117,840.000,840.000,815.000,815.000,22910500,815.000
20201118,815.000,825.000,810.000,810.000,24283900,810.000
20201119,820.000,820.000,800.000,800.000,35750200,800.000
20201120,800.000,810.000,795.000,800.000,23668100,800.000
20201123,810.000,820.000,800.000,820.000,24371600,820.000
20201124,825.000,830.000,810.000,810.000,30709800,810.000
20201125,820.000,820.000,800.000,800.000,29284100,800.000
20201126,805.000,820.000,790.000,795.000,42403700,795.000
20201127,795.000,805.000,785.000,785.000,44492300,785.000
20201130,785.000,795.000,760.000,760.000,55922500,760.000
20201201,760.000,800.000,760.000,800.000,41161300,800.000
20201202,810.000,810.000,795.000,800.000,17400400,800.000
20201203,800.000,805.000,790.000,790.000,13161500,790.000
20201204,795.000,800.000,780.000,785.000,11379100,785.000
20201207,785.000,800.000,785.000,795.000,21388600,795.000
20201208,795.000,800.000,790.000,800.000,19610600,800.000
20201210,800.000,805.000,790.000,790.000,17539500,790.000
20201211,790.000,800.000,785.000,785.000,8729500,785.000
20201214,785.000,795.000,775.000,780.000,23251400,780.000
20201215,785.000,790.000,770.000,770.000,22208600,770.000
20201216,770.000,785.000,770.000,775.000,27871300,775.000
20201217,775.000,785.000,770.000,775.000,13516200,775.000
20201218,775.000,785.000,775.000,780.000,19896100,780.000
20201221,780.000,790.000,775.000,790.000,24240200,790.000
20201222,790.000,830.000,790.000,805.000,127012100,805.000
20201223,800.000,820.000,775.000,810.000,54690300,810.000
20201228,825.000,835.000,800.000,815.000,34617300,815.000
20201229,830.000,830.000,800.000,805.000,31712000,805.000
20201230,805.000,810.000,785.000,805.000,26784000,805.000
20210104,805.000,815.000,795.000,795.000,19838800,795.000
20210105,800.000,815.000,790.000,810.000,31677600,810.000
20210106,810.000,815.000,790.000,800.000,30788600,800.000
20210107,800.000,800.000,790.000,795.000,13229600,795.000
20210108,795.000,800.000,785.000,785.000,16157300,785.000
20210111,790.000,795.000,775.000,775.000,43020000,775.000
20210112,775.000,785.000,770.000,775.000,31945500,775.000
20210113,775.000,780.000,770.000,775.000,23972500,775.000
20210114,780.000,780.000,760.000,765.000,37162400,765.000
20210115,765.000,775.000,740.000,745.000,43844500,745.000
20210118,745.000,750.000,715.000,730.000,65891500,730.000
20210119,730.000,780.000,725.000,765.000,82271200,765.000
20210120,770.000,775.000,735.000,750.000,29548600,750.000
20210121,750.000,760.000,740.000,740.000,14157500,740.000
20210122,740.000,750.000,725.000,735.000,27684000,735.000
20210125,735.000,740.000,715.000,740.000,10432200,740.000
20210126,745.000,745.000,730.000,735.000,13426700,735.000
20210127,740.000,745.000,720.000,740.000,13062800,740.000
20210128,740.000,740.000,720.000,720.000,14213300,720.000
20210129,720.000,740.000,715.000,730.000,16438600,730.000
20210201,740.000,755.000,720.000,755.000,18581100,755.000
20210202,755.000,765.000,750.000,760.000,20895600,760.000
20210203,770.000,775.000,760.000,770.000,24346400,770.000
20210204,800.000,835.000,770.000,780.000,117367500,780.000
20210205,780.000,785.000,760.000,775.000,18068000,775.000
20210208,780.000,800.000,775.000,775.000,51925800,775.000
20210209,785.000,790.000,770.000,775.000,31819600,775.000
20210210,775.000,780.000,755.000,770.000,20563100,770.000
20210211,775.000,780.000,770.000,780.000,16374600,780.000
20210215,785.000,790.000,780.000,790.000,14583800,790.000
20210216,790.000,795.000,780.000,780.000,18750900,780.000
20210217,790.000,790.000,770.000,775.000,16713800,775.000
20210218,780.000,810.000,775.000,805.000,67794900,805.000
20210219,820.000,820.000,785.000,785.000,37932000,785.000
20210222,800.000,805.000,785.000,800.000,22399200,800.000
20210223,805.000,815.000,795.000,795.000,31399600,795.000
20210224,800.000,800.000,775.000,785.000,36453700,785.000
20210225,790.000,800.000,780.000,800.000,14582300,800.000
20210226,800.000,800.000,780.000,795.000,11682000,795.000
20210301,795.000,795.000,775.000,785.000,9442400,785.000
20210302,795.000,800.000,785.000,795.000,13032300,795.000
20210303,795.000,800.000,790.000,800.000,9049000,800.000
20210304,800.000,800.000,790.000,800.000,16473700,800.000
20210305,800.000,800.000,785.000,790.000,11457500,790.000
20210308,800.000,800.000,780.000,785.000,8946600,785.000
20210309,785.000,790.000,780.000,785.000,8091900,785.000
20210310,785.000,790.000,775.000,780.000,9340700,780.000
20210312,785.000,790.000,780.000,785.000,4740700,785.000
20210315,785.000,795.000,780.000,785.000,7408800,785.000
20210316,785.000,790.000,775.000,780.000,9572000,780.000
20210317,780.000,790.000,775.000,790.000,7313200,790.000
20210318,790.000,795.000,785.000,790.000,10342100,790.000
20210319,790.000,795.000,785.000,795.000,9702100,795.000
20210322,795.000,795.000,780.000,780.000,8445100,780.000
20210323,785.000,790.000,775.000,780.000,10854900,780.000
20210324,780.000,785.000,765.000,765.000,38065700,765.000
20210325,765.000,775.000,765.000,770.000,5149500,770.000
20210326,770.000,780.000,770.000,780.000,6419500,780.000
20210329,780.000,785.000,775.000,780.000,5970200,780.000
20210330,785.000,785.000,770.000,785.000,7669600,785.000
20210331,785.000,785.000,765.000,785.000,13374500,785.000
20210401,785.000,785.000,775.000,780.000,6270700,780.000
20210405,785.000,790.000,775.000,790.000,9192000,790.000
20210406,790.000,795.000,780.000,790.000,22271400,790.000
20210407,790.000,790.000,780.000,780.000,14318200,780.000
20210408,785.000,795.000,780.000,785.000,16127600,785.000
20210409,785.000,790.000,785.000,790.000,19673800,790.000
20210412,790.000,790.000,765.000,770.000,21912400,770.000
20210413,775.000,780.000,755.000,760.000,5937700,760.000
20210414,770.000,775.000,760.000,770.000,12270000,770.000
20210415,775.000,785.000,765.000,785.000,21195100,785.000
20210416,785.000,785.000,775.000,785.000,16297100,785.000
20210419,790.000,800.000,780.000,800.000,22871600,800.000
20210420,795.000,800.000,785.000,785.000,11761800,785.000
20210421,780.000,795.000,780.000,785.000,9503300,785.000
20210422,790.000,795.000,785.000,795.000,11956700,795.000
20210423,820.000,820.000,790.000,800.000,8818900,800.000
20210426,800.000,805.000,795.000,800.000,19519900,800.000
20210427,810.000,810.000,795.000,805.000,11519300,805.000
20210428,805.000,815.000,805.000,815.000,17918700,815.000
20210429,810.000,815.000,800.000,805.000,21382300,805.000
20210430,805.000,810.000,795.000,795.000,9461700,795.000
20210503,800.000,800.000,780.000,785.000,10267100,785.000
20210504,785.000,790.000,775.000,775.000,9702500,775.000
20210505,780.000,790.000,775.000,780.000,7077200,780.000
20210506,780.000,785.000,775.000,775.000,3936600,775.000
20210507,780.000,785.000,770.000,775.000,6084000,775.000
20210510,775.000,780.000,770.000,775.000,7111300,775.000
20210511,775.000,780.000,770.000,775.000,3987600,775.000
20210517,775.000,780.000,765.000,770.000,7050000,770.000
20210518,780.000,780.000,765.000,780.000,7454400,780.000
20210519,780.000,780.000,765.000,765.000,4545300,765.000
20210520,765.000,775.000,765.000,770.000,4279700,770.000
20210521,770.000,775.000,765.000,765.000,3790500,765.000
20210524,770.000,775.000,765.000,770.000,4558800,770.000
20210525,770.000,775.000,765.000,770.000,9448100,770.000
20210527,770.000,775.000,765.000,770.000,9990900,770.000
20210528,770.000,775.000,765.000,765.000,4986300,765.000
20210531,770.000,775.000,765.000,775.000,7485100,775.000
20210602,775.000,785.000,770.000,780.000,4480800,780.000
20210603,780.000,785.000,775.000,775.000,7033400,775.000
20210604,775.000,780.000,775.000,775.000,5791600,775.000
20210607,775.000,780.000,770.000,780.000,6088900,780.000
20210608,780.000,780.000,770.000,770.000,5356100,770.000
20210609,775.000,775.000,765.000,765.000,3422100,765.000
20210610,765.000,775.000,760.000,775.000,9257600,775.000
20210611,775.000,775.000,770.000,775.000,2464900,775.000
20210614,775.000,775.000,765.000,770.000,2663900,770.000
20210615,770.000,770.000,760.000,765.000,5026300,765.000
20210616,765.000,770.000,760.000,760.000,4181500,760.000
20210617,760.000,765.000,750.000,755.000,7254500,755.000
20210618,755.000,755.000,730.000,745.000,20363000,745.000
20210621,745.000,750.000,720.000,730.000,20899900,730.000
20210622,735.000,745.000,730.000,735.000,9553800,735.000
20210623,735.000,745.000,730.000,730.000,11601100,730.000
20210624,730.000,740.000,730.000,740.000,7808800,740.000
20210625,740.000,745.000,725.000,730.000,7446600,730.000
20210628,730.000,735.000,715.000,720.000,13702200,720.000
20210629,720.000,730.000,715.000,720.000,7539400,720.000
20210630,720.000,725.000,710.000,710.000,14066800,710.000
20210701,710.000,760.000,705.000,750.000,12331800,750.000
20210702,750.000,760.000,740.000,750.000,4718400,750.000
20210705,750.000,760.000,740.000,750.000,5186200,750.000
20210706,750.000,760.000,740.000,760.000,7143300,760.000
20210707,760.000,765.000,750.000,755.000,2795600,755.000
20210708,760.000,760.000,750.000,750.000,8910800,750.000
20210709,750.000,755.000,740.000,750.000,5833000,750.000
20210712,750.000,760.000,750.000,760.000,3491400,760.000
20210713,760.000,765.000,750.000,760.000,8905300,760.000
20210714,760.000,765.000,750.000,760.000,3380900,760.000
20210715,760.000,765.000,750.000,765.000,6065900,765.000
20210716,765.000,770.000,760.000,765.000,3960600,765.000
20210719,765.000,770.000,755.000,760.000,4857000,760.000
20210721,760.000,765.000,750.000,760.000,3291100,760.000
20210722,765.000,765.000,755.000,760.000,2432300,760.000
20210723,765.000,765.000,755.000,760.000,1923000,760.000
20210726,765.000,765.000,750.000,755.000,6288300,755.000
20210727,755.000,775.000,750.000,765.000,12002600,765.000
20210728,770.000,815.000,765.000,810.000,57918700,810.000
20210729,820.000,820.000,795.000,800.000,23694200,800.000
20210730,805.000,810.000,760.000,805.000,9842300,805.000
20210802,805.000,815.000,800.000,800.000,9227900,800.000
20210803,800.000,810.000,800.000,800.000,11259800,800.000
20210804,810.000,810.000,800.000,805.000,6856900,805.000
20210805,805.000,805.000,795.000,800.000,10212800,800.000
20210806,800.000,810.000,790.000,795.000,4557800,795.000
20210809,805.000,810.000,805.000,810.000,11609100,810.000
20210810,810.000,815.000,790.000,800.000,10041500,800.000
20210812,800.000,805.000,795.000,800.000,15863700,800.000
20210813,800.000,810.000,800.000,805.000,6690800,805.000
20210816,800.000,800.000,790.000,800.000,5370600,800.000
20210818,800.000,800.000,790.000,790.000,4463200,790.000
20210819,790.000,805.000,790.000,790.000,9973200,790.000
20210820,795.000,800.000,790.000,795.000,1442000,795.000
20210823,795.000,800.000,780.000,800.000,9202700,800.000
20210824,800.000,800.000,790.000,795.000,6906100,795.000
20210825,795.000,800.000,790.000,800.000,2885700,800.000
20210826,790.000,800.000,790.000,790.000,1697100,790.000
20210827,795.000,800.000,790.000,800.000,5759600,800.000
20210830,800.000,805.000,790.000,800.000,4701700,800.000
20210831,800.000,800.000,790.000,795.000,9929300,795.000
20210901,800.000,800.000,790.000,795.000,3212200,795.000
20210902,795.000,800.000,785.000,795.000,4288200,795.000
20210903,795.000,800.000,790.000,790.000,3163100,790.000
20210906,795.000,795.000,780.000,785.000,9031200,785.000
20210907,785.000,790.000,780.000,780.000,7433300,780.000
20210908,780.000,790.000,780.000,780.000,6034400,780.000
20210909,780.000,790.000,775.000,790.000,9604500,790.000
20210910,790.000,795.000,785.000,785.000,5843900,785.000
20210913,785.000,790.000,780.000,790.000,2576200,790.000
20210914,795.000,795.000,785.000,790.000,5914400,790.000
20210915,790.000,795.000,785.000,790.000,3942100,790.000
20210916,800.000,800.000,785.000,785.000,5104600,785.000
20210917,785.000,790.000,780.000,790.000,3145000,790.000
20210920,790.000,790.000,785.000,790.000,4908200,790.000
20210921,790.000,795.000,785.000,795.000,3493800,795.000
20210922,795.000,795.000,785.000,795.000,4562900,795.000
20210923,790.000,795.000,785.000,795.000,7128600,795.000
20210924,795.000,800.000,785.000,795.000,2844900,795.000
20210927,790.000,795.000,780.000,795.000,11484100,795.000
20210928,795.000,795.000,785.000,795.000,8600200,795.000
20210929,790.000,795.000,775.000,775.000,12787300,775.000
20210930,775.000,780.000,770.000,770.000,9357700,770.000
20211001,770.000,775.000,770.000,770.000,5764400,770.000
20211004,775.000,775.000,770.000,770.000,5060300,770.000
20211005,770.000,775.000,760.000,760.000,10673200,760.000
20211006,760.000,770.000,755.000,755.000,13019100,755.000
20211007,760.000,770.000,755.000,770.000,10781400,770.000
20211008,770.000,775.000,760.000,775.000,10332300,775.000
20211011,775.000,780.000,765.000,775.000,4590800,775.000
20211012,775.000,775.000,765.000,775.000,8355100,775.000
20211013,775.000,775.000,765.000,775.000,6457300,775.000
20211014,775.000,775.000,765.000,775.000,8097900,775.000
20211015,775.000,780.000,765.000,775.000,5747200,775.000
20211018,775.000,800.000,770.000,795.000,24003100,795.000
20211019,795.000,900.000,795.000,860.000,186543800,860.000
20211021,860.000,880.000,840.000,840.000,48760900,840.000
20211022,840.000,860.000,825.000,830.000,25741900,830.000
20211025,830.000,850.000,830.000,840.000,13402400,840.000
20211026,850.000,895.000,835.000,890.000,37559500,890.000
20211027,890.000,895.000,850.000,850.000,18804100,850.000
20211028,850.000,850.000,820.000,820.000,18427200,820.000
20211029,820.000,845.000,820.000,845.000,11084400,845.000
20211101,845.000,855.000,835.000,840.000,15454500,840.000
20211102,840.000,860.000,835.000,860.000,17036000,860.000
20211103,860.000,870.000,850.000,870.000,12571800,870.000
20211104,870.000,870.000,855.000,860.000,6523700,860.000
20211105,870.000,890.000,860.000,865.000,21469700,865.000
20211108,865.000,885.000,865.000,885.000,9356300,885.000
20211109,890.000,905.000,880.000,885.000,8930800,885.000
20211110,890.000,915.000,885.000,910.000,20890300,910.000
20211111,915.000,920.000,905.000,915.000,7077700,915.000
20211112,915.000,925.000,900.000,920.000,8699500,920.000
20211115,920.000,930.000,900.000,910.000,20210200,910.000
20211116,915.000,920.000,900.000,915.000,13406600,915.000
20211117,915.000,920.000,900.000,900.000,5667800,900.000
20211118,900.000,915.000,890.000,900.000,12182000,900.000
20211119,900.000,910.000,900.000,910.000,6284000,910.000
20211122,910.000,930.000,905.000,930.000,14410800,930.000
20211123,935.000,935.000,910.000,930.000,6616600,930.000
20211124,930.000,935.000,920.000,925.000,5304600,925.000
20211125,925.000,925.000,915.000,915.000,3400200,915.000
20211126,915.000,925.000,895.000,915.000,7929400,915.000
20211129,915.000,915.000,870.000,915.000,7968000,915.000
20211130,915.000,925.000,905.000,915.000,7876000,915.000
20211201,915.000,920.000,880.000,900.000,9330600,900.000
20211202,900.000,910.000,895.000,910.000,2668000,910.000
20211203,915.000,915.000,900.000,905.000,2082500,905.000
20211206,905.000,915.000,900.000,915.000,8336200,915.000
20211207,915.000,915.000,900.000,900.000,5450100,900.000
20211208,900.000,905.000,885.000,885.000,11928500,885.000
20211209,890.000,895.000,880.000,895.000,5013600,895.000
20211210,895.000,900.000,890.000,900.000,2463900,900.000
20211213,900.000,905.000,890.000,890.000,4583900,890.000
20211214,890.000,900.000,880.000,880.000,6314400,880.000
20211215,880.000,900.000,875.000,875.000,7085000,875.000
20211216,875.000,895.000,875.000,895.000,6482000,895.000
20211217,895.000,900.000,875.000,875.000,7325200,875.000
20211220,875.000,885.000,865.000,865.000,8629500,865.000
20211221,865.000,880.000,860.000,865.000,4906800,865.000
20211222,865.000,880.000,865.000,875.000,4295400,875.000
20211223,875.000,885.000,870.000,880.000,5398500,880.000
20211224,880.000,880.000,870.000,875.000,2707000,875.000
20211227,875.000,880.000,870.000,870.000,2164100,870.000
20211228,880.000,880.000,865.000,870.000,1725600,870.000
20211229,870.000,880.000,870.000,875.000,3802700,875.000
20211230,880.000,880.000,865.000,865.000,3728800,865.000
20220103,865.000,875.000,865.000,870.000,4962600,870.000
20220104,870.000,910.000,865.000,900.000,17952800,900.000
20220105,905.000,915.000,900.000,910.000,18710800,910.000
20220106,910.000,930.000,910.000,925.000,14432900,925.000
20220107,925.000,970.000,925.000,950.000,24948100,950.000
20220110,950.000,975.000,945.000,970.000,18666100,970.000
20220111,970.000,985.000,940.000,955.000,15825400,955.000
20220112,955.000,960.000,940.000,950.000,6639800,950.000
20220113,950.000,960.000,935.000,935.000,6147300,935.000
20220114,935.000,960.000,935.000,935.000,6774800,935.000
20220117,945.000,950.000,935.000,945.000,6734400,945.000
20220118,945.000,955.000,935.000,950.000,5039800,950.000
20220119,955.000,965.000,945.000,950.000,11288300,950.000
20220120,950.000,955.000,940.000,940.000,3997800,940.000
20220121,940.000,945.000,935.000,935.000,2741000,935.000
20220124,935.000,945.000,930.000,935.000,4422400,935.000
20220125,935.000,940.000,925.000,940.000,7277500,940.000
20220126,940.000,950.000,930.000,940.000,7461600,940.000
20220127,935.000,945.000,920.000,925.000,11777200,925.000
20220128,925.000,940.000,915.000,925.000,8035900,925.000
20220131,925.000,940.000,925.000,930.000,4793500,930.000
20220202,930.000,940.000,930.000,940.000,4491700,940.000
20220203,940.000,940.000,930.000,935.000,2636200,935.000
20220204,935.000,940.000,920.000,920.000,8393600,920.000
20220207,935.000,940.000,920.000,925.000,9919000,925.000
20220208,940.000,1000.000,915.000,925.000,72039000,925.000
20220209,930.000,940.000,925.000,935.000,16184500,935.000
20220210,935.000,950.000,925.000,935.000,25677400,935.000
20220211,935.000,945.000,930.000,945.000,7196000,945.000
20220214,945.000,960.000,930.000,955.000,36985700,955.000
20220215,955.000,960.000,940.000,945.000,11205900,945.000
20220216,945.000,955.000,945.000,945.000,10106600,945.000
20220217,945.000,960.000,945.000,955.000,8316700,955.000
20220218,955.000,980.000,955.000,955.000,15089400,955.000
20220221,955.000,970.000,950.000,955.000,22948100,955.000
20220222,955.000,965.000,950.000,955.000,11190700,955.000
20220223,955.000,975.000,945.000,950.000,33593400,950.000
20220224,950.000,970.000,945.000,955.000,23691200,955.000
20220225,955.000,975.000,945.000,975.000,31421700,975.000
20220301,975.000,980.000,965.000,970.000,22803600,970.000
20220302,970.000,980.000,965.000,965.000,9735000,965.000
20220304,965.000,980.000,950.000,970.000,21802000,970.000
20220307,970.000,985.000,955.000,965.000,36451900,965.000
20220308,965.000,980.000,950.000,950.000,36192500,950.000
20220309,950.000,960.000,935.000,935.000,15080600,935.000
20220310,940.000,970.000,940.000,970.000,19175400,970.000
20220311,975.000,1000.000,965.000,1000.000,28689800,1000.000
20220314,1000.000,1035.000,1000.000,1020.000,23086600,1020.000
20220315,1025.000,1035.000,1020.000,1030.000,18358700,1030.000
20220316,1030.000,1070.000,1030.000,1040.000,35047600,1040.000
20220317,1050.000,1070.000,1040.000,1050.000,27228900,1050.000
20220318,1050.000,1060.000,1030.000,1040.000,9623300,1040.000
20220321,1040.000,1050.000,1020.000,1020.000,12490800,1020.000
20220322,1020.000,1040.000,1020.000,1040.000,19630100,1040.000
20220323,1040.000,1050.000,1025.000,1045.000,9359900,1045.000
20220324,1040.000,1050.000,1030.000,1030.000,9226800,1030.000
20220325,1030.000,1040.000,1025.000,1035.000,6845500,1035.000
20220328,1035.000,1035.000,1010.000,1020.000,10534800,1020.000
20220329,1020.000,1020.000,995.000,1000.000,34987200,1000.000
20220330,1005.000,1015.000,985.000,995.000,27236900,995.000
20220331,995.000,1025.000,990.000,1020.000,24594600,1020.000
20220401,1020.000,1025.000,950.000,955.000,232885800,955.000
20220404,955.000,970.000,940.000,965.000,91084900,965.000
20220405,965.000,975.000,955.000,960.000,66023100,960.000
20220406,960.000,975.000,940.000,940.000,103000400,940.000
20220407,950.000,950.000,930.000,940.000,85969500,940.000
20220408,930.000,940.000,920.000,935.000,68742600,935.000
20220411,940.000,940.000,900.000,905.000,32633400,905.000
20220412,905.000,935.000,900.000,905.000,34408100,905.000
20220413,910.000,925.000,905.000,905.000,28363900,905.000
20220414,905.000,925.000,905.000,910.000,43815400,910.000
20220418,910.000,920.000,910.000,915.000,12882200,915.000
20220419,915.000,930.000,910.000,930.000,30734400,930.000
20220420,935.000,940.000,925.000,940.000,18234800,940.000
20220421,945.000,950.000,930.000,930.000,19565300,930.000
20220422,930.000,940.000,925.000,935.000,22036200,935.000
20220425,935.000,940.000,915.000,920.000,47618000,920.000
20220426,920.000,940.000,910.000,940.000,38301000,940.000
20220427,940.000,950.000,930.000,940.000,32384200,940.000
20220428,940.000,945.000,935.000,940.000,13466300,940.000
20220509,945.000,950.000,920.000,940.000,33367900,940.000
20220510,925.000,945.000,910.000,935.000,22324300,935.000
20220511,935.000,940.000,920.000,920.000,13853400,920.000
20220512,920.000,930.000,900.000,900.000,21435600,900.000
20220513,900.000,925.000,900.000,925.000,8891900,925.000
20220517,925.000,930.000,920.000,925.000,8760000,925.000
20220518,930.000,940.000,920.000,930.000,12500800,930.000
20220519,925.000,965.000,920.000,965.000,29826100,965.000
20220520,965.000,970.000,950.000,960.000,36285700,960.000
20220523,960.000,970.000,945.000,960.000,14685700,960.000
20220524,960.000,965.000,940.000,945.000,16322900,945.000
20220525,945.000,960.000,945.000,960.000,7942500,960.000
20220527,960.000,970.000,950.000,965.000,35631600,965.000
20220530,970.000,970.000,965.000,965.000,21273400,965.000
20220531,965.000,1020.000,965.000,1020.000,38166300,1020.000
20220602,1020.000,1020.000,975.000,1000.000,25951700,1000.000
20220603,1000.000,1010.000,985.000,985.000,10811000,985.000
20220606,990.000,995.000,980.000,990.000,22751900,990.000
20220607,990.000,995.000,980.000,985.000,18315600,985.000
20220608,985.000,995.000,975.000,985.000,11569500,985.000
20220609,985.000,985.000,975.000,975.000,14127000,975.000
20220610,975.000,980.000,965.000,975.000,10583900,975.000
20220613,990.000,990.000,945.000,960.000,11302800,960.000
20220614,960.000,960.000,945.000,945.000,9965200,945.000
20220615,950.000,955.000,935.000,950.000,14085600,950.000
20220616,950.000,970.000,945.000,950.000,17240100,950.000
20220617,960.000,960.000,945.000,960.000,6103900,960.000
20220620,965.000,970.000,945.000,965.000,7590600,965.000
20220621,965.000,970.000,945.000,955.000,34435800,955.000
20220622,960.000,975.000,955.000,975.000,17243500,975.000
20220623,975.000,985.000,970.000,985.000,24216400,985.000
20220624,985.000,1000.000,980.000,990.000,40698400,990.000
20220627,990.000,1005.000,980.000,985.000,25762900,985.000
20220628,990.000,995.000,985.000,995.000,26245400,995.000
20220629,1000.000,1010.000,980.000,995.000,31717100,995.000
20220630,1000.000,1000.000,985.000,1000.000,17508800,1000.000
20220701,1000.000,1000.000,975.000,990.000,18337300,990.000
20220704,990.000,990.000,955.000,985.000,10779600,985.000
20220705,985.000,990.000,975.000,975.000,12257200,975.000
20220706,975.000,990.000,975.000,980.000,11906500,980.000
20220707,980.000,990.000,975.000,985.000,12124700,985.000
20220708,985.000,985.000,970.000,970.000,15321400,970.000
20220711,970.000,990.000,970.000,980.000,7225800,980.000
20220712,985.000,985.000,965.000,980.000,6288100,980.000
20220713,980.000,980.000,950.000,955.000,23296800,955.000
20220714,965.000,975.000,950.000,970.000,21523100,970.000
20220715,970.000,975.000,960.000,965.000,11758100,965.000
20220718,965.000,970.000,950.000,960.000,13123400,960.000
20220719,960.000,960.000,955.000,960.000,15418100,960.000
20220720,965.000,990.000,960.000,970.000,52164300,970.000
20220721,970.000,990.000,965.000,985.000,38034900,985.000
20220722,985.000,990.000,970.000,975.000,12551200,975.000
20220725,975.000,985.000,970.000,980.000,8202100,980.000
20220726,980.000,985.000,970.000,970.000,13181800,970.000
20220727,990.000,990.000,970.000,975.000,6607700,975.000
20220728,990.000,990.000,970.000,970.000,7380100,970.000
20220729,965.000,975.000,905.000,905.000,120064200,905.000
20220801,905.000,905.000,845.000,845.000,48485200,845.000
20220802,820.000,835.000,790.000,790.000,63233700,790.000
20220803,770.000,820.000,740.000,765.000,375365700,765.000
20220804,775.000,795.000,765.000,770.000,186712600,770.000
20220805,780.000,780.000,755.000,760.000,122651900,760.000
20220808,775.000,775.000,730.000,750.000,71565600,750.000
20220809,750.000,780.000,750.000,775.000,78580000,775.000
20220810,780.000,780.000,770.000,770.000,42157800,770.000
20220811,775.000,780.000,765.000,765.000,64313500,765.000
20220812,765.000,775.000,765.000,770.000,36069700,770.000
20220815,785.000,785.000,770.000,775.000,34490800,775.000
20220816,775.000,780.000,770.000,770.000,29553700,770.000
20220818,775.000,780.000,765.000,775.000,37383400,775.000
20220819,770.000,780.000,770.000,770.000,38076600,770.000
20220822,770.000,775.000,750.000,750.000,71463900,750.000
20220823,780.000,780.000,745.000,750.000,68891300,750.000
20220824,750.000,755.000,750.000,750.000,27219800,750.000
20220825,755.000,755.000,735.000,735.000,66742700,735.000
20220826,735.000,740.000,715.000,715.000,102408600,715.000
20220829,715.000,720.000,705.000,705.000,45251900,705.000
20220830,705.000,735.000,705.000,720.000,36311800,720.000
20220831,720.000,725.000,710.000,710.000,46691800,710.000
20220901,710.000,715.000,705.000,705.000,30755700,705.000
20220902,710.000,720.000,705.000,715.000,28109500,715.000
20220905,720.000,720.000,705.000,715.000,22452800,715.000
20220906,715.000,720.000,710.000,715.000,26764700,715.000
20220907,715.000,725.000,710.000,715.000,35735100,715.000
20220908,715.000,720.000,710.000,720.000,37805200,720.000
20220909,720.000,725.000,700.000,705.000,47289600,705.000
20220912,700.000,715.000,700.000,710.000,20510500,710.000
20220913,710.000,720.000,710.000,715.000,29213600,715.000
20220914,715.000,715.000,705.000,710.000,35986200,710.000
20220915,715.000,715.000,705.000,710.000,31969700,710.000
20220916,710.000,725.000,710.000,710.000,252174900,710.000
20220919,720.000,745.000,710.000,745.000,67078600,745.000
20220920,745.000,760.000,720.000,720.000,94229600,720.000
20220921,725.000,735.000,715.000,730.000,20632800,730.000
20220922,730.000,735.000,720.000,720.000,24906400,720.000
20220923,725.000,725.000,715.000,720.000,21674400,720.000
20220926,720.000,725.000,710.000,720.000,18423400,720.000
20220927,720.000,720.000,710.000,715.000,12252800,715.000
20220928,715.000,720.000,710.000,710.000,9788600,710.000
20220929,715.000,715.000,710.000,715.000,16856300,715.000
20220930,715.000,715.000,700.000,710.000,25830200,710.000
20221003,710.000,710.000,705.000,705.000,7992800,705.000
20221004,710.000,710.000,700.000,705.000,21584700,705.000
20221005,705.000,710.000,700.000,700.000,23348900,700.000
20221006,705.000,710.000,700.000,705.000,12986900,705.000
20221007,720.000,720.000,705.000,715.000,17042700,715.000
20221010,715.000,715.000,700.000,705.000,19845400,705.000
20221011,700.000,710.000,695.000,700.000,31483500,700.000
20221012,700.000,700.000,655.000,660.000,87832700,660.000
20221013,660.000,665.000,640.000,655.000,48015200,655.000
20221014,660.000,665.000,650.000,655.000,14048800,655.000
20221017,655.000,655.000,630.000,635.000,25618800,635.000
20221018,635.000,655.000,635.000,650.000,21150200,650.000
20221019,650.000,685.000,645.000,665.000,30741900,665.000
20221020,665.000,685.000,655.000,655.000,48548300,655.000
20221021,660.000,695.000,650.000,675.000,26110100,675.000
20221024,675.000,715.000,675.000,710.000,39609300,710.000
20221025,710.000,725.000,700.000,705.000,30678200,705.000
20221026,710.000,720.000,700.000,715.000,22979400,715.000
20221027,715.000,745.000,715.000,740.000,66714800,740.000
20221028,740.000,750.000,730.000,740.000,47345000,740.000
20221031,740.000,745.000,730.000,740.000,21267200,740.000
20221101,740.000,755.000,740.000,750.000,32979500,750.000
20221102,750.000,755.000,740.000,745.000,14944300,745.000
20221103,745.000,745.000,730.000,740.000,16508300,740.000
20221104,740.000,740.000,730.000,740.000,16484400,740.000
20221107,740.000,745.000,735.000,745.000,10418600,745.000
20221108,740.000,745.000,725.000,730.000,13814600,730.000
20221109,730.000,735.000,725.000,730.000,8090700,730.000
20221110,730.000,740.000,720.000,740.000,17109300,740.000
20221111,740.000,745.000,730.000,740.000,24651600,740.000
20221114,740.000,765.000,735.000,765.000,47179200,765.000
20221115,765.000,775.000,760.000,770.000,39228800,770.000
20221116,770.000,780.000,760.000,765.000,23753700,765.000
20221117,720.000,775.000,720.000,760.000,15925800,760.000
20221118,760.000,765.000,755.000,755.000,7155100,755.000
20221121,755.000,775.000,755.000,770.000,27438400,770.000
20221122,775.000,775.000,750.000,770.000,30027800,770.000
20221123,770.000,775.000,765.000,765.000,28966000,765.000
20221124,765.000,770.000,760.000,765.000,8354300,765.000
20221125,765.000,775.000,765.000,775.000,12183100,775.000
20221128,775.000,775.000,765.000,775.000,16742200,775.000
20221129,775.000,780.000,770.000,775.000,25690600,775.000
20221130,785.000,790.000,770.000,785.000,35758300,785.000
20221201,785.000,790.000,780.000,790.000,19154900,790.000
20221202,790.000,790.000,780.000,785.000,12754400,785.000
20221205,785.000,790.000,755.000,770.000,19697600,770.000
20221206,770.000,770.000,740.000,750.000,23813300,750.000
20221207,750.000,755.000,730.000,755.000,9501300,755.000
20221208,765.000,770.000,750.000,760.000,19967300,760.000
20221209,760.000,770.000,750.000,765.000,23815100,765.000
20221212,765.000,775.000,760.000,770.000,15716100,770.000
20221213,770.000,770.000,755.000,760.000,4848700,760.000
20221214,760.000,770.000,760.000,770.000,5010700,770.000
20221215,770.000,770.000,760.000,760.000,5482900,760.000
20221216,760.000,765.000,740.000,755.000,6622700,755.000
20221219,760.000,765.000,740.000,740.000,8422600,740.000
20221220,740.000,755.000,735.000,755.000,7333700,755.000
20221221,755.000,765.000,755.000,765.000,12400500,765.000
20221222,785.000,785.000,755.000,770.000,15811300,770.000
20221223,770.000,770.000,750.000,750.000,11238000,750.000
20221226,750.000,760.000,750.000,755.000,3374300,755.000
20221227,755.000,760.000,750.000,755.000,4405500,755.000
20221228,755.000,760.000,750.000,755.000,11546300,755.000
20221229,755.000,760.000,750.000,755.000,2838700,755.000
20221230,755.000,760.000,750.000,755.000,5382700,755.000
20230102,755.000,760.000,740.000,745.000,7427100,745.000
20230103,745.000,755.000,735.000,745.000,14826100,745.000
20230104,745.000,760.000,740.000,755.000,20365300,755.000
20230105,755.000,760.000,735.000,740.000,21265300,740.000
20230106,745.000,745.000,735.000,745.000,21720400,745.000
20230109,745.000,750.000,725.000,730.000,20380000,730.000
20230110,735.000,735.000,705.000,710.000,16850700,710.000
20230111,710.000,715.000,700.000,705.000,13210600,705.000
20230112,705.000,715.000,700.000,715.000,12816900,715.000
20230113,715.000,730.000,710.000,730.000,9146000,730.000
20230116,730.000,735.000,725.000,725.000,2515100,725.000
20230117,725.000,735.000,720.000,725.000,5495500,725.000
20230118,725.000,730.000,720.000,725.000,6500700,725.000
20230119,730.000,730.000,720.000,725.000,17890900,725.000
20230120,725.000,730.000,715.000,725.000,14313700,725.000
20230124,725.000,735.000,720.000,725.000,8110300,725.000
20230125,725.000,735.000,720.000,735.000,5141200,735.000
20230126,735.000,775.000,735.000,770.000,54097200,770.000
20230127,770.000,775.000,760.000,760.000,16559200,760.000
20230130,765.000,775.000,755.000,765.000,38204300,765.000
20230131,765.000,770.000,750.000,755.000,51946600,755.000
20230201,760.000,785.000,750.000,780.000,47704100,780.000
20230202,780.000,790.000,780.000,780.000,16119700,780.000
20230203,785.000,790.000,780.000,785.000,12148200,785.000
20230206,785.000,790.000,780.000,785.000,10386600,785.000
20230207,785.000,790.000,780.000,790.000,15220000,790.000
20230208,790.000,800.000,785.000,800.000,32264100,800.000
20230209,800.000,805.000,795.000,800.000,12433400,800.000
20230210,805.000,810.000,790.000,800.000,22152000,800.000
20230213,800.000,840.000,795.000,830.000,59743000,830.000
20230214,830.000,875.000,830.000,870.000,61787600,870.000
20230215,875.000,880.000,850.000,870.000,35880100,870.000
20230216,870.000,890.000,865.000,890.000,30954300,890.000
20230217,890.000,890.000,835.000,870.000,42626800,870.000
20230220,865.000,870.000,840.000,860.000,12567300,860.000
20230221,860.000,865.000,850.000,865.000,8414000,865.000
20230222,860.000,895.000,855.000,880.000,30059800,880.000
20230223,880.000,880.000,865.000,880.000,13395000,880.000
20230224,880.000,880.000,865.000,865.000,10448200,865.000
20230227,865.000,875.000,850.000,855.000,7665500,855.000
20230228,855.000,880.000,850.000,880.000,12895500,880.000
20230301,875.000,890.000,860.000,885.000,20995000,885.000
20230302,880.000,915.000,870.000,910.000,67484100,910.000
20230303,910.000,915.000,890.000,895.000,39836700,895.000
20230306,895.000,900.000,885.000,900.000,25615700,900.000
20230307,900.000,910.000,895.000,900.000,19887800,900.000
20230308,895.000,895.000,880.000,885.000,12806300,885.000
20230309,890.000,900.000,880.000,885.000,7390300,885.000
20230310,885.000,900.000,855.000,900.000,11715900,900.000
20230313,890.000,890.000,845.000,845.000,30837000,845.000
20230314,855.000,875.000,830.000,835.000,26968400,835.000
20230315,840.000,855.000,840.000,850.000,16690200,850.000
20230316,850.000,850.000,815.000,835.000,16373500,835.000
20230317,835.000,845.000,825.000,825.000,19127000,825.000
20230320,825.000,830.000,820.000,820.000,15367100,820.000
20230321,825.000,835.000,820.000,825.000,3589200,825.000
20230324,825.000,865.000,825.000,845.000,29700000,845.000
20230327,845.000,865.000,845.000,855.000,13145900,855.000
20230328,860.000,875.000,855.000,865.000,9961200,865.000
20230329,865.000,875.000,860.000,860.000,10852900,860.000
20230330,860.000,865.000,840.000,840.000,13173900,840.000
20230331,845.000,870.000,845.000,870.000,21936800,870.000
20230403,870.000,875.000,855.000,860.000,9668300,860.000
20230404,860.000,865.000,840.000,845.000,17326000,845.000
20230405,845.000,855.000,835.000,835.000,13901300,835.000
20230406,835.000,845.000,820.000,830.000,33276400,830.000
20230410,825.000,825.000,800.000,805.000,19171100,805.000
20230411,810.000,840.000,810.000,825.000,14242100,825.000
20230412,830.000,835.000,815.000,815.000,14729500,815.000
20230413,815.000,830.000,810.000,815.000,13713000,815.000
20230414,815.000,825.000,810.000,810.000,8553000,810.000
20230417,810.000,820.000,805.000,820.000,7171000,820.000
20230418,815.000,815.000,800.000,800.000,15031000,800.000
20230426,805.000,820.000,800.000,820.000,15551400,820.000
20230427,820.000,820.000,800.000,800.000,15317500,800.000
20230428,800.000,800.000,780.000,790.000,31918800,790.000
20230502,785.000,800.000,780.000,795.000,23061100,795.000
20230503,795.000,810.000,790.000,805.000,19706700,805.000
20230504,805.000,815.000,800.000,810.000,19887500,810.000
20230505,810.000,815.000,795.000,800.000,11352100,800.000
20230508,800.000,810.000,790.000,805.000,17847800,805.000
20230509,805.000,805.000,795.000,800.000,18332400,800.000
20230510,800.000,805.000,770.000,775.000,37613400,775.000
20230511,775.000,775.000,755.000,775.000,19488300,775.000
20230512,775.000,785.000,765.000,775.000,21086600,775.000
20230515,775.000,785.000,765.000,775.000,8562600,775.000
20230516,775.000,780.000,765.000,770.000,6389900,770.000
20230517,770.000,775.000,765.000,770.000,6507300,770.000
20230519,770.000,770.000,760.000,765.000,8757700,765.000
20230522,765.000,780.000,760.000,760.000,17296300,760.000
20230523,765.000,775.000,760.000,770.000,18819300,770.000
20230524,775.000,780.000,770.000,780.000,14100000,780.000
20230525,780.000,780.000,770.000,775.000,10450400,775.000
20230526,775.000,780.000,760.000,765.000,14505900,765.000
20230529,765.000,770.000,755.000,765.000,10358900,765.000
20230530,765.000,770.000,760.000,760.000,6224400,760.000
20230531,760.000,765.000,725.000,725.000,55033500,725.000
20230605,725.000,740.000,710.000,720.000,56893700,720.000
20230606,720.000,755.000,720.000,750.000,41582900,750.000
20230607,755.000,755.000,730.000,735.000,22241500,735.000
20230608,740.000,755.000,740.000,755.000,13853600,755.000
20230609,755.000,765.000,740.000,765.000,16070700,765.000
20230612,765.000,770.000,745.000,765.000,19108900,765.000
20230613,765.000,765.000,750.000,760.000,14638100,760.000
20230614,755.000,760.000,750.000,750.000,12571000,750.000
20230615,760.000,760.000,745.000,745.000,16198600,745.000
20230616,745.000,750.000,725.000,735.000,27334300,735.000
20230619,735.000,740.000,720.000,730.000,22621600,730.000
20230620,730.000,740.000,725.000,730.000,14019400,730.000
20230621,730.000,740.000,720.000,720.000,13634200,720.000
20230622,725.000,735.000,720.000,725.000,18735300,725.000
20230623,725.000,740.000,725.000,735.000,13373700,735.000
20230626,735.000,740.000,725.000,730.000,17621200,730.000
20230627,730.000,745.000,730.000,730.000,20242000,730.000
20230703,730.000,740.000,720.000,725.000,19919200,725.000
20230704,725.000,730.000,720.000,725.000,26122100,725.000
20230705,725.000,730.000,720.000,720.000,21028400,720.000
20230706,725.000,735.000,720.000,730.000,23614800,730.000
20230707,730.000,735.000,725.000,730.000,9987200,730.000
20230710,730.000,735.000,730.000,730.000,6987400,730.000
20230711,735.000,755.000,730.000,745.000,32188100,745.000
20230712,745.000,755.000,740.000,745.000,20900500,745.000
20230713,745.000,750.000,720.000,725.000,52633300,725.000
20230714,725.000,730.000,715.000,720.000,55430900,720.000
20230717,725.000,735.000,720.000,720.000,66123400,720.000
20230718,725.000,730.000,710.000,715.000,49694900,715.000
20230720,715.000,720.000,685.000,690.000,119083600,690.000
20230721,690.000,700.000,690.000,700.000,48824300,700.000
20230724,700.000,700.000,695.000,700.000,30279200,700.000
20230725,700.000,700.000,690.000,695.000,29800800,695.000
20230726,695.000,700.000,680.000,685.000,66230200,685.000
20230727,685.000,685.000,650.000,650.000,185447800,650.000
20230728,650.000,650.000,635.000,640.000,69263400,640.000
20230731,640.000,660.000,635.000,640.000,81999200,640.000
20230801,640.000,655.000,640.000,640.000,40438300,640.000
20230802,640.000,645.000,610.000,615.000,83994000,615.000
20230803,615.000,650.000,615.000,640.000,54992300,640.000
20230804,640.000,655.000,635.000,640.000,28148500,640.000
20230807,645.000,655.000,640.000,650.000,31147200,650.000
20230808,650.000,660.000,650.000,655.000,29040100,655.000
20230809,655.000,655.000,640.000,640.000,24655000,640.000
20230810,640.000,650.000,640.000,640.000,13979300,640.000
20230811,640.000,650.000,640.000,640.000,13974500,640.000
20230814,640.000,650.000,640.000,645.000,13679100,645.000
20230815,645.000,655.000,640.000,645.000,20832100,645.000
20230816,645.000,650.000,640.000,640.000,11856900,640.000
20230818,640.000,655.000,640.000,650.000,29147600,650.000
20230821,650.000,655.000,645.000,645.000,15950700,645.000
20230822,645.000,655.000,645.000,650.000,23657000,650.000
20230823,650.000,655.000,645.000,650.000,29985900,650.000
20230824,650.000,655.000,635.000,635.000,33755500,635.000
20230825,635.000,645.000,635.000,640.000,18083400,640.000
20230828,640.000,645.000,635.000,640.000,12463600,640.000
20230829,640.000,645.000,630.000,635.000,31237300,635.000
20230830,635.000,635.000,620.000,620.000,64076900,620.000
20230831,625.000,625.000,615.000,620.000,32031100,620.000
20230901,620.000,625.000,610.000,615.000,37858700,615.000
20230904,620.000,630.000,615.000,615.000,39072100,615.000
20230905,615.000,620.000,610.000,615.000,30981600,615.000
20230906,615.000,625.000,615.000,620.000,66975100,620.000
20230907,620.000,625.000,615.000,620.000,51469500,620.000
20230908,620.000,620.000,600.000,600.000,78325700,600.000
20230911,600.000,615.000,600.000,605.000,28563700,605.000
20230912,605.000,615.000,605.000,610.000,22095900,610.000
20230913,610.000,610.000,600.000,605.000,29566100,605.000
20230914,605.000,610.000,600.000,605.000,9603700,605.000
20230915,605.000,610.000,590.000,590.000,49668300,590.000
20230918,590.000,600.000,590.000,595.000,14914100,595.000
20230919,590.000,595.000,585.000,590.000,20326000,590.000
20230920,590.000,590.000,580.000,585.000,36127200,585.000
20230921,585.000,595.000,580.000,590.000,29357100,590.000
20230922,590.000,610.000,585.000,600.000,52308600,600.000
20230925,600.000,610.000,595.000,595.000,22362600,595.000
20230926,600.000,600.000,590.000,590.000,13946100,590.000
20230927,590.000,595.000,580.000,585.000,23564600,585.000
20230929,585.000,595.000,580.000,590.000,16065900,590.000
20231002,590.000,590.000,580.000,585.000,42496300,585.000
20231003,585.000,590.000,585.000,585.000,15227400,585.000
20231004,585.000,590.000,560.000,560.000,54887600,560.000
20231005,565.000,615.000,565.000,605.000,72707700,605.000
20231006,605.000,610.000,580.000,595.000,53244700,595.000
20231009,595.000,605.000,590.000,590.000,22785200,590.000
20231010,595.000,600.000,585.000,590.000,14376200,590.000
20231011,590.000,595.000,580.000,585.000,15888300,585.000
20231012,585.000,600.000,585.000,590.000,9768400,590.000
20231013,590.000,595.000,575.000,580.000,27993300,580.000
20231016,580.000,590.000,570.000,575.000,25531900,575.000
20231017,575.000,585.000,575.000,580.000,6504200,580.000
20231018,580.000,585.000,575.000,580.000,21950400,580.000
20231019,580.000,580.000,570.000,570.000,19057800,570.000
20231020,570.000,575.000,560.000,575.000,14356900,575.000
20231023,575.000,575.000,565.000,570.000,12346700,570.000
20231024,575.000,590.000,570.000,590.000,20479500,590.000
20231025,590.000,600.000,590.000,590.000,15826800,590.000
20231026,590.000,590.000,575.000,575.000,15906100,575.000
20231027,575.000,585.000,565.000,575.000,16551400,575.000
20231030,575.000,580.000,510.000,515.000,144483600,515.000
20231031,515.000,520.000,505.000,510.000,41672200,510.000
20231101,505.000,505.000,484.000,486.000,56579000,486.000
20231102,486.000,505.000,486.000,492.000,41008300,492.000
20231103,494.000,500.000,478.000,496.000,42284000,496.000
20231106,496.000,505.000,496.000,500.000,41505400,500.000
20231107,505.000,505.000,496.000,496.000,15302500,496.000
20231108,496.000,498.000,484.000,486.000,31642700,486.000
20231109,488.000,494.000,486.000,494.000,15473300,494.000
20231110,494.000,498.000,494.000,496.000,11064400,496.000
20231113,498.000,500.000,496.000,500.000,7671200,500.000
20231114,500.000,500.000,492.000,498.000,9161900,498.000
20231115,500.000,505.000,496.000,498.000,22714600,498.000
20231116,498.000,500.000,498.000,498.000,8908100,498.000
20231117,500.000,500.000,494.000,498.000,6687900,498.000
20231120,500.000,505.000,498.000,505.000,23615500,505.000
20231121,500.000,505.000,498.000,500.000,11478700,500.000
20231122,500.000,500.000,496.000,498.000,8929100,498.000
20231123,498.000,500.000,498.000,498.000,8175400,498.000
20231124,498.000,500.000,498.000,498.000,7533100,498.000
20231127,500.000,505.000,498.000,500.000,32524600,500.000
20231128,500.000,505.000,496.000,498.000,24543000,498.000
20231129,500.000,500.000,496.000,498.000,19427400,498.000
20231130,500.000,505.000,498.000,500.000,29557400,500.000
20231201,500.000,500.000,496.000,498.000,15679400,498.000
20231204,500.000,545.000,496.000,530.000,174441600,530.000
20231205,535.000,575.000,530.000,560.000,136303600,560.000
20231206,560.000,575.000,560.000,570.000,55056400,570.000
20231207,570.000,570.000,540.000,550.000,28794700,550.000
20231208,555.000,555.000,535.000,540.000,19113000,540.000
20231211,540.000,555.000,530.000,530.000,23285500,530.000
20231212,530.000,540.000,520.000,530.000,11191800,530.000
20231213,530.000,565.000,525.000,550.000,69668500,550.000
20231214,550.000,565.000,550.000,555.000,20362200,555.000
20231215,560.000,560.000,540.000,545.000,15593900,545.000
20231218,550.000,550.000,540.000,545.000,14111600,545.000
20231219,545.000,560.000,545.000,555.000,25036200,555.000
20231220,555.000,560.000,540.000,545.000,23238600,545.000
20231221,545.000,550.000,530.000,535.000,18907700,535.000
20231222,535.000,545.000,535.000,540.000,22292100,540.000
20231227,540.000,545.000,525.000,525.000,33289400,525.000
20231228,530.000,535.000,525.000,530.000,17058500,530.000
20231229,530.000,530.000,520.000,525.000,35649900,525.000
20240102,525.000,530.000,510.000,510.000,50169700,510.000
20240103,510.000,525.000,505.000,525.000,32338200,525.000
20240104,525.000,525.000,515.000,520.000,15399700,520.000
20240105,520.000,525.000,515.000,520.000,18725100,520.000
20240108,520.000,525.000,515.000,520.000,16920700,520.000
20240109,520.000,525.000,515.000,520.000,10536300,520.000
20240110,520.000,525.000,515.000,525.000,19621100,525.000
20240111,520.000,525.000,515.000,520.000,15632100,520.000
20240112,520.000,525.000,515.000,520.000,9265500,520.000
20240115,525.000,530.000,515.000,525.000,36002000,525.000
20240116,520.000,525.000,520.000,525.000,7447000,525.000
20240117,525.000,530.000,520.000,520.000,17559000,520.000
20240118,520.000,530.000,520.000,520.000,19750700,520.000
20240119,520.000,520.000,515.000,515.000,10893000,515.000
20240122,520.000,525.000,515.000,515.000,20903100,515.000
20240123,515.000,520.000,500.000,500.000,32349900,500.000
20240124,500.000,505.000,492.000,500.000,30363800,500.000
20240125,500.000,510.000,498.000,505.000,13866200,505.000
20240126,510.000,510.000,500.000,500.000,12032600,500.000
20240129,500.000,510.000,498.000,505.000,17513400,505.000
20240130,505.000,510.000,500.000,505.000,7321900,505.000
20240131,505.000,510.000,505.000,510.000,6634000,510.000
20240201,510.000,510.000,500.000,505.000,10976800,505.000
20240202,505.000,505.000,500.000,500.000,13496700,500.000
20240205,500.000,505.000,500.000,505.000,9515400,505.000
20240206,505.000,505.000,500.000,500.000,10608000,500.000
20240207,505.000,505.000,500.000,500.000,9671600,500.000
20240212,500.000,510.000,498.000,505.000,21413500,505.000
20240213,505.000,510.000,498.000,500.000,23863400,500.000
20240215,505.000,525.000,500.000,520.000,37939300,520.000
20240216,520.000,560.000,520.000,560.000,95911300,560.000
20240219,560.000,575.000,540.000,570.000,85233900,570.000
20240220,600.000,610.000,575.000,580.000,161766400,580.000
20240221,580.000,605.000,565.000,600.000,99000300,600.000
20240222,600.000,620.000,590.000,615.000,97879900,615.000
20240223,615.000,625.000,610.000,625.000,62376000,625.000
20240226,625.000,625.000,605.000,620.000,41051500,620.000
20240227,620.000,630.000,615.000,620.000,43025100,620.000
20240228,620.000,620.000,610.000,615.000,23020700,615.000
20240229,615.000,620.000,600.000,615.000,42712300,615.000
20240301,615.000,615.000,595.000,610.000,28450100,610.000
20240304,610.000,630.000,600.000,620.000,56668100,620.000
20240305,620.000,625.000,615.000,620.000,21136200,620.000
20240306,620.000,620.000,600.000,610.000,29388500,610.000
20240307,605.000,620.000,605.000,620.000,21248900,620.000
20240308,615.000,625.000,610.000,625.000,32187100,625.000
20240313,625.000,630.000,615.000,620.000,26397000,620.000
20240314,620.000,620.000,605.000,615.000,18719600,615.000
20240315,610.000,615.000,600.000,605.000,21094100,605.000
20240318,605.000,610.000,600.000,600.000,15063500,600.000
20240319,600.000,610.000,600.000,605.000,14517100,605.000
20240320,605.000,630.000,600.000,630.000,50333000,630.000
20240321,635.000,645.000,625.000,635.000,72949300,635.000
20240322,640.000,640.000,610.000,630.000,36021900,630.000
20240325,630.000,630.000,615.000,620.000,18009000,620.000
20240326,620.000,625.000,615.000,615.000,19549200,615.000
20240327,620.000,635.000,620.000,625.000,38585400,625.000
20240328,625.000,630.000,620.000,620.000,19602900,620.000
20240401,620.000,625.000,600.000,610.000,31417400,610.000
20240402,610.000,615.000,605.000,605.000,17569800,605.000
20240403,605.000,645.000,605.000,640.000,83020300,640.000
20240404,645.000,670.000,640.000,660.000,120315000,660.000
20240405,660.000,705.000,655.000,675.000,251111200,675.000
20240416,670.000,680.000,640.000,675.000,81657400,675.000
20240417,675.000,675.000,660.000,665.000,43926600,665.000
20240418,665.000,675.000,660.000,665.000,35135900,665.000
20240419,665.000,690.000,645.000,685.000,90281600,685.000
20240422,690.000,715.000,690.000,710.000,122207400,710.000
20240423,710.000,715.000,705.000,715.000,37838400,715.000
20240424,715.000,720.000,710.000,720.000,33002100,720.000
20240425,720.000,750.000,715.000,725.000,129432200,725.000
20240426,730.000,745.000,690.000,705.000,73061200,705.000
20240429,705.000,725.000,705.000,725.000,34830200,725.000
20240430,720.000,730.000,715.000,730.000,18782700,730.000
20240502,730.000,735.000,705.000,715.000,24940400,715.000
20240503,715.000,720.000,705.000,720.000,33067100,720.000
20240506,720.000,725.000,710.000,720.000,26785400,720.000
20240507,720.000,725.000,710.000,720.000,20986000,720.000
20240508,720.000,725.000,710.000,720.000,35469500,720.000
20240513,720.000,720.000,705.000,715.000,30012400,715.000
20240514,715.000,730.000,705.000,720.000,44597000,720.000
20240515,720.000,720.000,710.000,715.000,23335400,715.000
20240516,715.000,720.000,710.000,715.000,25089500,715.000
20240517,715.000,720.000,710.000,715.000,12351900,715.000
20240520,715.000,715.000,700.000,705.000,21025400,705.000
20240521,705.000,710.000,670.000,690.000,47992900,690.000
20240522,690.000,715.000,690.000,715.000,39213100,715.000
20240527,715.000,715.000,680.000,700.000,55652000,700.000
20240528,690.000,715.000,685.000,705.000,26522700,705.000
20240529,705.000,715.000,690.000,700.000,43682100,700.000
20240530,700.000,700.000,670.000,700.000,40812900,700.000
20240531,700.000,710.000,680.000,710.000,59800500,710.000
20240603,710.000,720.000,700.000,715.000,42967500,715.000
20240604,715.000,720.000,700.000,720.000,44632000,720.000
20240605,720.000,730.000,715.000,725.000,44430600,725.000
20240606,725.000,745.000,720.000,735.000,39775600,735.000
20240607,735.000,760.000,720.000,760.000,83042600,760.000
20240610,760.000,765.000,740.000,755.000,38348600,755.000
20240611,755.000,765.000,745.000,750.000,31082200,750.000
20240612,750.000,750.000,730.000,750.000,28739800,750.000
20240613,750.000,750.000,740.000,745.000,19819100,745.000
20240614,745.000,745.000,720.000,735.000,28379700,735.000
20240619,735.000,735.000,705.000,725.000,27830100,725.000
20240620,725.000,755.000,720.000,740.000,37572600,740.000
20240621,740.000,750.000,730.000,740.000,16845700,740.000
20240624,740.000,760.000,740.000,750.000,34109300,750.000
20240625,750.000,770.000,745.000,765.000,48563700,765.000
20240626,765.000,765.000,750.000,750.000,22262600,750.000
20240627,755.000,780.000,750.000,770.000,51679000,770.000
20240628,770.000,775.000,765.000,775.000,17933800,775.000
20240701,775.000,775.000,755.000,755.000,16402800,755.000
20240702,760.000,770.000,755.000,755.000,11301800,755.000
20240703,750.000,755.000,740.000,745.000,14520400,745.000
20240704,750.000,760.000,745.000,750.000,21878200,750.000
20240705,755.000,760.000,740.000,745.000,11609300,745.000
20240708,745.000,760.000,740.000,760.000,14434000,760.000
20240709,760.000,760.000,730.000,740.000,35007900,740.000
20240710,740.000,750.000,730.000,745.000,21958000,745.000
20240711,745.000,745.000,730.000,740.000,19219800,740.000
20240712,745.000,750.000,740.000,745.000,11123400,745.000
20240715,745.000,750.000,740.000,740.000,18203300,740.000
20240716,740.000,745.000,740.000,740.000,15276000,740.000
20240717,740.000,750.000,740.000,740.000,7696300,740.000
20240718,740.000,745.000,725.000,725.000,18104000,725.000
20240719,725.000,745.000,720.000,745.000,32741600,745.000
20240722,745.000,745.000,725.000,725.000,20963100,725.000
20240723,730.000,740.000,720.000,730.000,23862700,730.000
20240724,730.000,740.000,705.000,720.000,55299600,720.000
20240725,720.000,725.000,685.000,700.000,60210500,700.000
20240726,700.000,715.000,700.000,715.000,19400000,715.000
20240729,715.000,725.000,695.000,705.000,32770700,705.000
20240730,710.000,725.000,700.000,725.000,39606000,725.000
20240731,730.000,730.000,720.000,725.000,16648400,725.000
20240801,725.000,745.000,720.000,735.000,27959400,735.000
20240802,735.000,740.000,715.000,735.000,25047700,735.000
20240805,730.000,730.000,690.000,695.000,44814800,695.000
20240806,695.000,705.000,685.000,690.000,27399000,690.000
20240807,695.000,710.000,695.000,710.000,16577800,710.000
20240808,710.000,715.000,695.000,700.000,20453900,700.000
20240809,700.000,710.000,700.000,710.000,7218300,710.000
20240812,710.000,710.000,700.000,705.000,15523400,705.000
20240813,710.000,720.000,705.000,710.000,17652000,710.000
20240814,715.000,735.000,710.000,730.000,49136500,730.000
20240815,730.000,735.000,715.000,720.000,22819700,720.000
20240816,725.000,730.000,720.000,720.000,11103800,720.000
20240819,720.000,725.000,695.000,710.000,42245800,710.000
20240820,710.000,710.000,700.000,705.000,19444200,705.000
20240821,705.000,710.000,700.000,705.000,25313500,705.000
20240822,705.000,710.000,700.000,700.000,20019500,700.000
20240823,705.000,710.000,700.000,705.000,28356200,705.000
20240826,705.000,710.000,690.000,695.000,49849600,695.000
20240827,695.000,700.000,690.000,700.000,15687600,700.000
20240828,700.000,700.000,680.000,685.000,56821200,685.000
20240829,685.000,690.000,670.000,675.000,45555400,675.000
20240830,675.000,685.000,655.000,660.000,87634700,660.000
20240902,670.000,680.000,665.000,665.000,40552100,665.000
20240903,665.000,675.000,645.000,655.000,52256300,655.000
20240904,650.000,670.000,635.000,670.000,46645300,670.000
20240905,675.000,680.000,665.000,670.000,40593100,670.000
20240906,670.000,675.000,665.000,670.000,18688400,670.000
20240909,665.000,675.000,655.000,665.000,29284200,665.000
20240910,665.000,670.000,650.000,655.000,31525300,655.000
20240911,660.000,680.000,655.000,680.000,23488100,680.000
20240912,680.000,685.000,670.000,675.000,17210200,675.000
20240913,675.000,690.000,675.000,680.000,33698900,680.000
20240917,680.000,685.000,670.000,675.000,24250400,675.000
20240918,675.000,680.000,670.000,670.000,34641300,670.000
20240919,675.000,680.000,665.000,675.000,41923300,675.000
20240920,675.000,685.000,670.000,685.000,25168700,685.000
20240923,685.000,690.000,670.000,675.000,42720600,675.000
20240924,680.000,680.000,665.000,670.000,33724200,670.000
20240925,670.000,675.000,660.000,665.000,38222100,665.000
20240926,665.000,675.000,660.000,670.000,19248300,670.000
20240927,675.000,675.000,660.000,665.000,27401600,665.000
20240930,665.000,670.000,655.000,665.000,26094400,665.000
20241001,670.000,680.000,665.000,675.000,22193900,675.000
20241002,675.000,675.000,650.000,660.000,42885100,660.000
20241003,660.000,665.000,630.000,640.000,91120700,640.000
20241004,640.000,650.000,635.000,640.000,29115600,640.000
20241007,645.000,670.000,645.000,670.000,38164000,670.000
20241008,670.000,670.000,660.000,670.000,15724900,670.000
20241009,670.000,670.000,660.000,665.000,11383900,665.000
20241010,670.000,670.000,655.000,655.000,13188000,655.000
20241011,655.000,660.000,645.000,650.000,27840800,650.000
20241014,650.000,655.000,645.000,650.000,20443700,650.000
20241015,650.000,660.000,650.000,655.000,17576700,655.000
20241016,655.000,675.000,655.000,675.000,109064900,675.000
20241017,675.000,675.000,665.000,670.000,26035200,670.000
20241018,670.000,675.000,665.000,670.000,18020900,670.000
20241021,670.000,675.000,660.000,660.000,13968300,660.000
20241022,665.000,665.000,655.000,655.000,8867600,655.000
20241023,655.000,665.000,655.000,665.000,13692000,665.000
20241024,665.000,665.000,620.000,625.000,119166200,625.000
20241025,625.000,625.000,605.000,615.000,94478100,615.000
20241028,615.000,625.000,610.000,610.000,51714800,610.000
20241029,615.000,615.000,605.000,605.000,32549200,605.000
20241030,610.000,615.000,600.000,605.000,50143200,605.000
20241031,605.000,615.000,605.000,610.000,24413800,610.000
20241101,610.000,615.000,605.000,605.000,21083300,605.000
20241104,610.000,615.000,600.000,605.000,31687700,605.000
20241105,595.000,595.000,585.000,590.000,41573300,590.000
20241106,590.000,590.000,575.000,575.000,21320500,575.000
20241107,575.000,580.000,560.000,560.000,39012600,560.000
20241108,565.000,585.000,565.000,575.000,19896500,575.000
20241111,575.000,585.000,565.000,575.000,17661100,575.000
20241112,575.000,610.000,575.000,600.000,33502300,600.000
20241113,605.000,605.000,590.000,600.000,17917300,600.000
20241114,605.000,605.000,575.000,580.000,24740000,580.000
20241115,585.000,590.000,575.000,575.000,12887500,575.000
20241118,575.000,585.000,575.000,580.000,11993400,580.000